﻿{"cameraMode":{"drawMode":0,"name":"Shaded","section":"Shading Mode"},"sceneLighting":true,"audioPlay":false,"sceneViewState":{"showFog":true,"showMaterialUpdate":false,"showSkybox":false,"showFlares":true,"showImageEffects":true,"showParticleSystems":true},"in2DMode":false,"pivot":{"x":5.810086250305176,"y":1.2443714141845704,"z":-4.26392936706543},"rotation":{"x":-0.1697329729795456,"y":0.813406765460968,"z":-0.29122304916381838,"w":-0.474077433347702},"size":12.091119766235352,"orthographic":false}